Variant,Protein,Mutation
BA2,ORF1ab polyprotein/ORF1a polyprotein,S135R
BA2,ORF1ab polyprotein/ORF1a polyprotein,T842I
BA2,ORF1ab polyprotein/ORF1a polyprotein,G1307S
BA2,ORF1ab polyprotein/ORF1a polyprotein,L3027F
BA2,ORF1ab polyprotein/ORF1a polyprotein,T3090I
BA2,ORF1ab polyprotein/ORF1a polyprotein,L3201L
BA2,ORF1ab polyprotein/ORF1a polyprotein,T3255I
BA2,ORF1ab polyprotein/ORF1a polyprotein,P3395H
BA2,ORF1ab polyprotein/ORF1a polyprotein,S3675-
BA2,ORF1ab polyprotein/ORF1a polyprotein,S3675-
BA2,ORF1ab polyprotein/ORF1a polyprotein,S3675-
BA2,ORF1ab polyprotein/ORF1a polyprotein,G3676-
BA2,ORF1ab polyprotein/ORF1a polyprotein,G3676-
BA2,ORF1ab polyprotein/ORF1a polyprotein,G3676-
BA2,ORF1ab polyprotein/ORF1a polyprotein,F3677-
BA2,ORF1ab polyprotein/ORF1a polyprotein,F3677-
BA2,ORF1ab polyprotein/ORF1a polyprotein,F3677-
BA2,ORF1ab polyprotein/ORF1a polyprotein,P314L
BA2,ORF1ab polyprotein/ORF1a polyprotein,R1315C
BA2,ORF1ab polyprotein/ORF1a polyprotein,I1566V
BA2,ORF1ab polyprotein/ORF1a polyprotein,T2163I
BA2,surface glycoprotein,T19I
BA2,surface glycoprotein,L24-
BA2,surface glycoprotein,L24-
BA2,surface glycoprotein,P25-
BA2,surface glycoprotein,P25-
BA2,surface glycoprotein,P25-
BA2,surface glycoprotein,P26-
BA2,surface glycoprotein,P26-
BA2,surface glycoprotein,P26-
BA2,surface glycoprotein,A27S
BA2,surface glycoprotein,G142D
BA2,surface glycoprotein,V213G
BA2,surface glycoprotein,G339D
BA2,surface glycoprotein,S371F
BA2,surface glycoprotein,S373P
BA2,surface glycoprotein,S375F
BA2,surface glycoprotein,T376A
BA2,surface glycoprotein,D405N
BA2,surface glycoprotein,R408S
BA2,surface glycoprotein,K417N
BA2,surface glycoprotein,N440K
BA2,surface glycoprotein,G446S
BA2,surface glycoprotein,S477N
BA2,surface glycoprotein,T478K
BA2,surface glycoprotein,E484A
BA2,surface glycoprotein,Q493R
BA2,surface glycoprotein,Q498R
BA2,surface glycoprotein,N501Y
BA2,surface glycoprotein,Y505H
BA2,surface glycoprotein,D614G
BA2,surface glycoprotein,H655Y
BA2,surface glycoprotein,N679K
BA2,surface glycoprotein,P681H
BA2,surface glycoprotein,N764K
BA2,surface glycoprotein,D796Y
BA2,surface glycoprotein,Q954H
BA2,surface glycoprotein,N969K
BA2,ORF3a,T223I
BA2,envelope glycoprotein,T9I
BA2,membrane glycoprotein,Q19E
BA2,membrane glycoprotein,A63T
BA2,ORF6,D61L
BA2,ORF6,D61L
BA2,ORF6,D61L
BA2,nucleocapsid phosphoprotein,P13L
BA2,ORF9b,P10S
BA2,nucleocapsid phosphoprotein,E31-
BA2,ORF9b,E27-
BA2,nucleocapsid phosphoprotein,E31-
BA2,ORF9b,E27-
BA2,nucleocapsid phosphoprotein,E31-
BA2,ORF9b,E27-
BA2,nucleocapsid phosphoprotein,R32-
BA2,ORF9b,N28-
BA2,nucleocapsid phosphoprotein,R32-
BA2,ORF9b,N28-
BA2,nucleocapsid phosphoprotein,R32-
BA2,ORF9b,N28-
BA2,nucleocapsid phosphoprotein,S33-
BA2,ORF9b,A29-
BA2,nucleocapsid phosphoprotein,S33-
BA2,ORF9b,A29-
BA2,nucleocapsid phosphoprotein,S33-
BA2,ORF9b,A29-
BA2,nucleocapsid phosphoprotein,R203K
BA2,nucleocapsid phosphoprotein,R203K
BA2,nucleocapsid phosphoprotein,G204R
BA2,nucleocapsid phosphoprotein,S413R
BA275,ORF1ab polyprotein/ORF1a polyprotein,S135R
BA275,ORF1ab polyprotein/ORF1a polyprotein,T842I
BA275,ORF1ab polyprotein/ORF1a polyprotein,S1221L
BA275,ORF1ab polyprotein/ORF1a polyprotein,G1307S
BA275,ORF1ab polyprotein/ORF1a polyprotein,P1640S
BA275,ORF1ab polyprotein/ORF1a polyprotein,L3027F
BA275,ORF1ab polyprotein/ORF1a polyprotein,T3090I
BA275,ORF1ab polyprotein/ORF1a polyprotein,L3201F
BA275,ORF1ab polyprotein/ORF1a polyprotein,T3255I
BA275,ORF1ab polyprotein/ORF1a polyprotein,P3395H
BA275,ORF1ab polyprotein/ORF1a polyprotein,S3675-
BA275,ORF1ab polyprotein/ORF1a polyprotein,S3675-
BA275,ORF1ab polyprotein/ORF1a polyprotein,S3675-
BA275,ORF1ab polyprotein/ORF1a polyprotein,G3676-
BA275,ORF1ab polyprotein/ORF1a polyprotein,G3676-
BA275,ORF1ab polyprotein/ORF1a polyprotein,G3676-
BA275,ORF1ab polyprotein/ORF1a polyprotein,F3677-
BA275,ORF1ab polyprotein/ORF1a polyprotein,F3677-
BA275,ORF1ab polyprotein/ORF1a polyprotein,F3677-
BA275,ORF1ab polyprotein/ORF1a polyprotein,N4060S
BA275,ORF1ab polyprotein/ORF1a polyprotein,P314L
BA275,ORF1ab polyprotein/ORF1a polyprotein,G662S
BA275,ORF1ab polyprotein/ORF1a polyprotein,R1315C
BA275,ORF1ab polyprotein/ORF1a polyprotein,I1566V
BA275,ORF1ab polyprotein/ORF1a polyprotein,T2163I
BA275,surface glycoprotein,T19I
BA275,surface glycoprotein,L24-
BA275,surface glycoprotein,L24-
BA275,surface glycoprotein,P25-
BA275,surface glycoprotein,P25-
BA275,surface glycoprotein,P25-
BA275,surface glycoprotein,P26-
BA275,surface glycoprotein,P26-
BA275,surface glycoprotein,P26-
BA275,surface glycoprotein,A27S
BA275,surface glycoprotein,G142D
BA275,surface glycoprotein,K147E
BA275,surface glycoprotein,W152R
BA275,surface glycoprotein,F157L
BA275,surface glycoprotein,I210V
BA275,surface glycoprotein,V213G
BA275,surface glycoprotein,G257S
BA275,surface glycoprotein,G339H
BA275,surface glycoprotein,G339D
BA275,surface glycoprotein,S371F
BA275,surface glycoprotein,S373P
BA275,surface glycoprotein,S375F
BA275,surface glycoprotein,T376A
BA275,surface glycoprotein,D405N
BA275,surface glycoprotein,R408S
BA275,surface glycoprotein,K417N
BA275,surface glycoprotein,N440K
BA275,surface glycoprotein,G446S
BA275,surface glycoprotein,N460K
BA275,surface glycoprotein,S477N
BA275,surface glycoprotein,T478K
BA275,surface glycoprotein,E484A
BA275,surface glycoprotein,R493Q
BA275,surface glycoprotein,Q498R
BA275,surface glycoprotein,N501Y
BA275,surface glycoprotein,Y505H
BA275,surface glycoprotein,D614G
BA275,surface glycoprotein,H655Y
BA275,surface glycoprotein,N679K
BA275,surface glycoprotein,P681H
BA275,surface glycoprotein,N764K
BA275,surface glycoprotein,D796Y
BA275,surface glycoprotein,Q954H
BA275,surface glycoprotein,N969K
BA275,ORF3a,T223I
BA275,envelope glycoprotein,T9I
BA275,envelope glycoprotein,T11A
BA275,membrane glycoprotein,Q19E
BA275,membrane glycoprotein,A63T
BA275,ORF6,D61L
BA275,ORF6,D61L
BA275,ORF6,D61L
BA275,nucleocapsid phosphoprotein,P13L
BA275,ORF9b,P10S
BA275,nucleocapsid phosphoprotein,E31-
BA275,ORF9b,E27-
BA275,nucleocapsid phosphoprotein,E31-
BA275,ORF9b,E27-
BA275,nucleocapsid phosphoprotein,E31-
BA275,ORF9b,E27-
BA275,nucleocapsid phosphoprotein,R32-
BA275,ORF9b,N28-
BA275,nucleocapsid phosphoprotein,R32-
BA275,ORF9b,N28-
BA275,nucleocapsid phosphoprotein,R32-
BA275,ORF9b,N28-
BA275,nucleocapsid phosphoprotein,S33-
BA275,ORF9b,A29-
BA275,nucleocapsid phosphoprotein,S33-
BA275,ORF9b,A29-
BA275,nucleocapsid phosphoprotein,S33-
BA275,ORF9b,A29-
BA275,nucleocapsid phosphoprotein,R203K
BA275,nucleocapsid phosphoprotein,R203K
BA275,nucleocapsid phosphoprotein,G204R
BA275,nucleocapsid phosphoprotein,S413R
BA4,ORF1ab polyprotein/ORF1a polyprotein,S135R
BA4,ORF1ab polyprotein/ORF1a polyprotein,K141-
BA4,ORF1ab polyprotein/ORF1a polyprotein,K141-
BA4,ORF1ab polyprotein/ORF1a polyprotein,K141-
BA4,ORF1ab polyprotein/ORF1a polyprotein,S142-
BA4,ORF1ab polyprotein/ORF1a polyprotein,S142-
BA4,ORF1ab polyprotein/ORF1a polyprotein,S142-
BA4,ORF1ab polyprotein/ORF1a polyprotein,F143-
BA4,ORF1ab polyprotein/ORF1a polyprotein,F143-
BA4,ORF1ab polyprotein/ORF1a polyprotein,F143-
BA4,ORF1ab polyprotein/ORF1a polyprotein,T842I
BA4,ORF1ab polyprotein/ORF1a polyprotein,G1307S
BA4,ORF1ab polyprotein/ORF1a polyprotein,L3027F
BA4,ORF1ab polyprotein/ORF1a polyprotein,T3090I
BA4,ORF1ab polyprotein/ORF1a polyprotein,T3255I
BA4,ORF1ab polyprotein/ORF1a polyprotein,P3395H
BA4,ORF1ab polyprotein/ORF1a polyprotein,S3675-
BA4,ORF1ab polyprotein/ORF1a polyprotein,S3675-
BA4,ORF1ab polyprotein/ORF1a polyprotein,S3675-
BA4,ORF1ab polyprotein/ORF1a polyprotein,G3676-
BA4,ORF1ab polyprotein/ORF1a polyprotein,G3676-
BA4,ORF1ab polyprotein/ORF1a polyprotein,G3676-
BA4,ORF1ab polyprotein/ORF1a polyprotein,F3677-
BA4,ORF1ab polyprotein/ORF1a polyprotein,F3677-
BA4,ORF1ab polyprotein/ORF1a polyprotein,F3677-
BA4,ORF1ab polyprotein/ORF1a polyprotein,P314L
BA4,ORF1ab polyprotein/ORF1a polyprotein,R1315C
BA4,ORF1ab polyprotein/ORF1a polyprotein,I1566V
BA4,ORF1ab polyprotein/ORF1a polyprotein,T2163I
BA4,surface glycoprotein,T19I
BA4,surface glycoprotein,L24-
BA4,surface glycoprotein,L24-
BA4,surface glycoprotein,P25-
BA4,surface glycoprotein,P25-
BA4,surface glycoprotein,P25-
BA4,surface glycoprotein,P26-
BA4,surface glycoprotein,P26-
BA4,surface glycoprotein,P26-
BA4,surface glycoprotein,A27S
BA4,surface glycoprotein,H69-
BA4,surface glycoprotein,H69-
BA4,surface glycoprotein,H69-
BA4,surface glycoprotein,V70-
BA4,surface glycoprotein,V70-
BA4,surface glycoprotein,V70-
BA4,surface glycoprotein,G142D
BA4,surface glycoprotein,V213G
BA4,surface glycoprotein,G339D
BA4,surface glycoprotein,S371F
BA4,surface glycoprotein,S373P
BA4,surface glycoprotein,S375F
BA4,surface glycoprotein,T376A
BA4,surface glycoprotein,D405N
BA4,surface glycoprotein,R408S
BA4,surface glycoprotein,K417N
BA4,surface glycoprotein,N440K
BA4,surface glycoprotein,L452R
BA4,surface glycoprotein,S477N
BA4,surface glycoprotein,T478K
BA4,surface glycoprotein,E484A
BA4,surface glycoprotein,F486V
BA4,surface glycoprotein,Q493Q
BA4,surface glycoprotein,Q498R
BA4,surface glycoprotein,N501Y
BA4,surface glycoprotein,Y505H
BA4,surface glycoprotein,D614G
BA4,surface glycoprotein,H655Y
BA4,surface glycoprotein,N679K
BA4,surface glycoprotein,P681H
BA4,surface glycoprotein,N764K
BA4,surface glycoprotein,D796Y
BA4,surface glycoprotein,Q954H
BA4,surface glycoprotein,N969K
BA4,ORF3a,T223I
BA4,envelope glycoprotein,T9I
BA4,membrane glycoprotein,Q19E
BA4,membrane glycoprotein,A63T
BA4,ORF6,D61L
BA4,ORF6,D61L
BA4,ORF6,D61L
BA4,ORF7b,L11F
BA4,nucleocapsid phosphoprotein,P13L
BA4,ORF9b,P10S
BA4,nucleocapsid phosphoprotein,E31-
BA4,ORF9b,E27-
BA4,nucleocapsid phosphoprotein,E31-
BA4,ORF9b,E27-
BA4,nucleocapsid phosphoprotein,E31-
BA4,ORF9b,E27-
BA4,nucleocapsid phosphoprotein,R32-
BA4,ORF9b,N28-
BA4,nucleocapsid phosphoprotein,R32-
BA4,ORF9b,N28-
BA4,nucleocapsid phosphoprotein,R32-
BA4,ORF9b,N28-
BA4,nucleocapsid phosphoprotein,S33-
BA4,ORF9b,A29-
BA4,nucleocapsid phosphoprotein,S33-
BA4,ORF9b,A29-
BA4,nucleocapsid phosphoprotein,S33-
BA4,ORF9b,A29-
BA4,nucleocapsid phosphoprotein,P151S
BA4,nucleocapsid phosphoprotein,R203K
BA4,nucleocapsid phosphoprotein,R203K
BA4,nucleocapsid phosphoprotein,G204R
BA4,nucleocapsid phosphoprotein,S413R
BA5,ORF1ab polyprotein/ORF1a polyprotein,S135R
BA5,ORF1ab polyprotein/ORF1a polyprotein,T842I
BA5,ORF1ab polyprotein/ORF1a polyprotein,G1307S
BA5,ORF1ab polyprotein/ORF1a polyprotein,L3027F
BA5,ORF1ab polyprotein/ORF1a polyprotein,T3090I
BA5,ORF1ab polyprotein/ORF1a polyprotein,T3255I
BA5,ORF1ab polyprotein/ORF1a polyprotein,P3395H
BA5,ORF1ab polyprotein/ORF1a polyprotein,S3675-
BA5,ORF1ab polyprotein/ORF1a polyprotein,S3675-
BA5,ORF1ab polyprotein/ORF1a polyprotein,S3675-
BA5,ORF1ab polyprotein/ORF1a polyprotein,G3676-
BA5,ORF1ab polyprotein/ORF1a polyprotein,G3676-
BA5,ORF1ab polyprotein/ORF1a polyprotein,G3676-
BA5,ORF1ab polyprotein/ORF1a polyprotein,F3677-
BA5,ORF1ab polyprotein/ORF1a polyprotein,F3677-
BA5,ORF1ab polyprotein/ORF1a polyprotein,F3677-
BA5,ORF1ab polyprotein/ORF1a polyprotein,P314L
BA5,ORF1ab polyprotein/ORF1a polyprotein,R1315C
BA5,ORF1ab polyprotein/ORF1a polyprotein,I1566V
BA5,ORF1ab polyprotein/ORF1a polyprotein,T2163I
BA5,surface glycoprotein,T19I
BA5,surface glycoprotein,L24-
BA5,surface glycoprotein,L24-
BA5,surface glycoprotein,P25-
BA5,surface glycoprotein,P25-
BA5,surface glycoprotein,P25-
BA5,surface glycoprotein,P26-
BA5,surface glycoprotein,P26-
BA5,surface glycoprotein,P26-
BA5,surface glycoprotein,A27S
BA5,surface glycoprotein,H69-
BA5,surface glycoprotein,H69-
BA5,surface glycoprotein,H69-
BA5,surface glycoprotein,V70-
BA5,surface glycoprotein,V70-
BA5,surface glycoprotein,V70-
BA5,surface glycoprotein,G142D
BA5,surface glycoprotein,V213G
BA5,surface glycoprotein,G339D
BA5,surface glycoprotein,S371F
BA5,surface glycoprotein,S373P
BA5,surface glycoprotein,S375F
BA5,surface glycoprotein,T376A
BA5,surface glycoprotein,D405N
BA5,surface glycoprotein,R408S
BA5,surface glycoprotein,K417N
BA5,surface glycoprotein,N440K
BA5,surface glycoprotein,L452R
BA5,surface glycoprotein,S477N
BA5,surface glycoprotein,T478K
BA5,surface glycoprotein,E484A
BA5,surface glycoprotein,F486V
BA5,surface glycoprotein,Q493Q
BA5,surface glycoprotein,Q498R
BA5,surface glycoprotein,N501Y
BA5,surface glycoprotein,Y505H
BA5,surface glycoprotein,D614G
BA5,surface glycoprotein,H655Y
BA5,surface glycoprotein,N679K
BA5,surface glycoprotein,P681H
BA5,surface glycoprotein,N764K
BA5,surface glycoprotein,D796Y
BA5,surface glycoprotein,Q954H
BA5,surface glycoprotein,N969K
BA5,ORF3a,T223I
BA5,envelope glycoprotein,T9I
BA5,membrane glycoprotein,D3N
BA5,membrane glycoprotein,Q19E
BA5,membrane glycoprotein,A63T
BA5,ORF6,D61D
BA5,nucleocapsid phosphoprotein,P13L
BA5,ORF9b,P10S
BA5,nucleocapsid phosphoprotein,E31-
BA5,ORF9b,E27-
BA5,nucleocapsid phosphoprotein,E31-
BA5,ORF9b,E27-
BA5,nucleocapsid phosphoprotein,E31-
BA5,ORF9b,E27-
BA5,nucleocapsid phosphoprotein,R32-
BA5,ORF9b,N28-
BA5,nucleocapsid phosphoprotein,R32-
BA5,ORF9b,N28-
BA5,nucleocapsid phosphoprotein,R32-
BA5,ORF9b,N28-
BA5,nucleocapsid phosphoprotein,S33-
BA5,ORF9b,A29-
BA5,nucleocapsid phosphoprotein,S33-
BA5,ORF9b,A29-
BA5,nucleocapsid phosphoprotein,S33-
BA5,ORF9b,A29-
BA5,nucleocapsid phosphoprotein,R203K
BA5,nucleocapsid phosphoprotein,R203K
BA5,nucleocapsid phosphoprotein,G204R
BA5,nucleocapsid phosphoprotein,S413R
